{"initial_reset_timestamp": 1606878850.105622, "timestamps": [1606878850.119474, 1606878850.130569, 1606878850.142449, 1606878850.1539881, 1606878850.165348, 1606878850.172662, 1606878850.184552, 1606878850.195554, 1606878850.207433, 1606878850.2194161, 1606878850.230608, 1606878850.242499, 1606878850.2539861, 1606878850.2652009, 1606878850.277645, 1606878850.289558, 1606878850.3028538, 1606878850.322189, 1606878850.3379278, 1606878850.3491042, 1606878850.3681269, 1606878850.389955, 1606878850.407659, 1606878850.425598, 1606878850.443702, 1606878850.462919, 1606878850.4949088, 1606878850.530373, 1606878850.555296, 1606878850.5736609, 1606878850.586933, 1606878850.5985658, 1606878850.6098602, 1606878850.621145, 1606878850.6322749, 1606878850.643627, 1606878850.6547022, 1606878850.666246, 1606878850.67846, 1606878850.689085, 1606878850.700445, 1606878850.711553, 1606878850.723098, 1606878850.734145, 1606878850.745631, 1606878850.756822, 1606878850.766287, 1606878850.7743008, 1606878850.7855291, 1606878850.7955651, 1606878850.806894, 1606878850.8182342, 1606878850.829209, 1606878850.840624, 1606878850.851962, 1606878850.8632379, 1606878850.874256, 1606878850.88523, 1606878850.8962271, 1606878850.907986, 1606878850.9199302, 1606878850.930953, 1606878850.942236, 1606878850.953738, 1606878850.964913, 1606878850.975929, 1606878850.987556, 1606878850.9994419, 1606878851.011055, 1606878851.02259, 1606878851.034168, 1606878851.045695, 1606878851.057183, 1606878851.068366, 1606878851.080201, 1606878851.091368, 1606878851.103201, 1606878851.114367, 1606878851.125718, 1606878851.136877, 1606878851.148683, 1606878851.160049, 1606878851.171367, 1606878851.182883, 1606878851.194365, 1606878851.215473, 1606878851.228062, 1606878851.241737, 1606878851.252949, 1606878851.264148, 1606878851.2759712, 1606878851.287343, 1606878851.2986119, 1606878851.3099918, 1606878851.321023, 1606878851.3319712, 1606878851.34319, 1606878851.354083, 1606878851.365429, 1606878851.3768718], "episode_lengths": [200, 200, 200, 200, 200, 113, 200, 200, 200, 200, 200, 200, 200, 200, 200, 200, 200, 200, 200, 200, 200, 200, 200, 200, 200, 200, 200, 200, 200, 200, 200, 200, 200, 200, 200, 200, 200, 200, 200, 193, 200, 200, 200, 200, 200, 200, 165, 145, 200, 179, 200, 200, 200, 200, 200, 200, 200, 200, 200, 200, 200, 200, 200, 200, 200, 200, 200, 200, 200, 200, 200, 200, 200, 200, 200, 200, 200, 200, 200, 200, 200, 200, 200, 200, 200, 200, 200, 200, 200, 200, 200, 200, 200, 200, 200, 200, 200, 200, 200, 200], "episode_rewards": [200.0, 200.0, 200.0, 200.0, 200.0, 113.0, 200.0, 200.0, 200.0, 200.0, 200.0, 200.0, 200.0, 200.0, 200.0, 200.0, 200.0, 200.0, 200.0, 200.0, 200.0, 200.0, 200.0, 200.0, 200.0, 200.0, 200.0, 200.0, 200.0, 200.0, 200.0, 200.0, 200.0, 200.0, 200.0, 200.0, 200.0, 200.0, 200.0, 193.0, 200.0, 200.0, 200.0, 200.0, 200.0, 200.0, 165.0, 145.0, 200.0, 179.0, 200.0, 200.0, 200.0, 200.0, 200.0, 200.0, 200.0, 200.0, 200.0, 200.0, 200.0, 200.0, 200.0, 200.0, 200.0, 200.0, 200.0, 200.0, 200.0, 200.0, 200.0, 200.0, 200.0, 200.0, 200.0, 200.0, 200.0, 200.0, 200.0, 200.0, 200.0, 200.0, 200.0, 200.0, 200.0, 200.0, 200.0, 200.0, 200.0, 200.0, 200.0, 200.0, 200.0, 200.0, 200.0, 200.0, 200.0, 200.0, 200.0, 200.0], "episode_types": ["t", "t", "t", "t", "t", "t", "t", "t", "t", "t", "t", "t", "t", "t", "t", "t", "t", "t", "t", "t", "t", "t", "t", "t", "t", "t", "t", "t", "t", "t", "t", "t", "t", "t", "t", "t", "t", "t", "t", "t", "t", "t", "t", "t", "t", "t", "t", "t", "t", "t", "t", "t", "t", "t", "t", "t", "t", "t", "t", "t", "t", "t", "t", "t", "t", "t", "t", "t", "t", "t", "t", "t", "t", "t", "t", "t", "t", "t", "t", "t", "t", "t", "t", "t", "t", "t", "t", "t", "t", "t", "t", "t", "t", "t", "t", "t", "t", "t", "t", "t"]}